<?xml version="1.0"?>
<!DOCTYPE DjVuXML>
<DjVuXML>
  <BODY>
    <OBJECT data="file://localhost//tmp/derive/baileydelord00unit//baileydelord00unit.djvu" height="3343" type="image/x.djvu" usemap="baileydelord00unit_0001.djvu" width="1887">
<PARAM name="PAGE" value="baileydelord00unit_0001.djvu"/>
<PARAM name="DPI" value="300"/>
<HIDDENTEXT>
<PAGECOLUMN>
<REGION>
<PARAGRAPH>
<LINE>
<WORD coords="106,48,134,9,48">E</WORD>
<WORD coords="169,53,258,12,52">359</WORD>
</LINE>
<LINE>
<WORD coords="113,119,119,112,121">.</WORD>
<WORD coords="134,125,254,84,121">U504</WORD>
</LINE>
</PARAGRAPH>
<PARAGRAPH>
<LINE>
<WORD coords="100,203,219,154,192">Copy</WORD>
<WORD coords="261,199,279,160,199">1</WORD>
<WORD coords="426,216,518,159,205">is^l</WORD>
<WORD coords="566,201,766,154,200">HOUSE</WORD>
<WORD coords="800,202,876,156,201">OF</WORD>
<WORD coords="910,204,1505,155,201">REPRESENTATIVES.</WORD>
<WORD coords="1563,216,1578,164,207">^</WORD>
<WORD coords="1631,205,1802,142,204">REi'd'T</WORD>
</LINE>
</PARAGRAPH>
<PARAGRAPH>
<LINE>
<WORD coords="1615,268,1811,206,263">No.4iv.</WORD>
</LINE>
</PARAGRAPH>
</REGION>
</PAGECOLUMN>
<PAGECOLUMN>
<REGION>
<PARAGRAPH/>
</REGION>
</PAGECOLUMN>
<PAGECOLUMN>
<REGION>
<PARAGRAPH>
<LINE>
<WORD coords="660,610,891,562,607">BAILEY</WORD>
<WORD coords="923,610,962,568,610">&amp;</WORD>
<WORD coords="997,612,1261,568,610">DELORU.</WORD>
</LINE>
</PARAGRAPH>
<PARAGRAPH>
<LINE>
<WORD coords="784,739,891,697,738">May</WORD>
<WORD coords="915,752,983,699,742">14,</WORD>
<WORD coords="1011,741,1136,700,740">1858.</WORD>
</LINE>
</PARAGRAPH>
<PARAGRAPH>
<LINE>
<WORD coords="92,866,176,819,864">Mr.</WORD>
<WORD coords="207,866,254,823,866">S.</WORD>
<WORD coords="290,867,333,823,866">S.</WORD>
<WORD coords="365,879,619,821,866">Marshall,</WORD>
<WORD coords="653,868,766,826,867">from</WORD>
<WORD coords="801,868,876,826,867">the</WORD>
<WORD coords="900,869,1158,825,867">Committee</WORD>
<WORD coords="1189,869,1239,829,868">of</WORD>
<WORD coords="1263,882,1442,827,869">Claims,</WORD>
<WORD coords="1478,872,1604,830,871">made</WORD>
<WORD coords="1637,874,1712,830,872">the</WORD>
<WORD coords="1745,874,1824,831,873">fol*</WORD>
</LINE>
</PARAGRAPH>
<PARAGRAPH>
<LINE>
<WORD coords="875,940,1042,884,925">lowing</WORD>
</LINE>
</PARAGRAPH>
<PARAGRAPH>
<LINE>
<WORD coords="750,1049,1175,998,1048">REPORT.</WORD>
</LINE>
</PARAGRAPH>
<PARAGRAPH>
<LINE>
<WORD coords="90,1153,183,1111,1152">The</WORD>
<WORD coords="207,1156,447,1112,1154">Committee</WORD>
<WORD coords="467,1163,518,1113,1158">of</WORD>
<WORD coords="535,1165,716,1113,1154">Claims,</WORD>
<WORD coords="738,1155,778,1117,1154">to</WORD>
<WORD coords="800,1155,933,1113,1154">tvhom</WORD>
<WORD coords="954,1155,1044,1128,1155">ivas</WORD>
<WORD coords="1065,1169,1258,1114,1157">referred</WORD>
<WORD coords="1277,1156,1343,1115,1156">the</WORD>
<WORD coords="1356,1170,1540,1116,1157">petition</WORD>
<WORD coords="1560,1172,1612,1117,1165">of</WORD>
<WORD coords="1636,1159,1823,1117,1158">IVilliarn</WORD>
</LINE>
<LINE>
<WORD coords="145,1224,304,1170,1210">Bailey</WORD>
<WORD coords="327,1212,416,1171,1211">and</WORD>
<WORD coords="442,1225,593,1170,1211">Henry</WORD>
<WORD coords="623,1224,800,1171,1211">Delord,</WORD>
<WORD coords="821,1226,1032,1171,1214">formerly</WORD>
<WORD coords="1059,1214,1298,1173,1213">merchants</WORD>
<WORD coords="1325,1214,1415,1174,1214">and</WORD>
<WORD coords="1443,1228,1646,1180,1215">partners</WORD>
<WORD coords="1675,1229,1824,1176,1216">selling</WORD>
</LINE>
<LINE>
<WORD coords="143,1282,274,1229,1268">goods</WORD>
<WORD coords="294,1269,340,1228,1268">in</WORD>
<WORD coords="362,1283,630,1229,1269">Flattsbnrg,</WORD>
<WORD coords="653,1270,758,1229,1269">Neiv</WORD>
<WORD coords="783,1282,907,1227,1269">York,</WORD>
<WORD coords="935,1284,1168,1230,1270">^'praying</WORD>
<WORD coords="1188,1285,1497,1233,1271">compensation</WORD>
<WORD coords="1507,1281,1584,1232,1275">for</WORD>
<WORD coords="1604,1275,1823,1233,1273">merchan-</WORD>
</LINE>
<LINE>
<WORD coords="144,1326,234,1285,1325">dise</WORD>
<WORD coords="242,1340,479,1285,1328">furnished</WORD>
<WORD coords="499,1327,564,1286,1326">the</WORD>
<WORD coords="585,1328,762,1286,1327">soldiers</WORD>
<WORD coords="782,1328,994,1289,1327">stationed</WORD>
<WORD coords="1013,1328,1057,1292,1327">at</WORD>
<WORD coords="1080,1343,1332,1287,1328">Plattshurg</WORD>
<WORD coords="1354,1330,1400,1292,1329">in</WORD>
<WORD coords="1424,1342,1694,1290,1326">1814-'15j"</WORD>
<WORD coords="1713,1333,1821,1290,1332">have</WORD>
</LINE>
<LINE>
<WORD coords="143,1384,232,1342,1383">had</WORD>
<WORD coords="252,1384,318,1343,1384">the</WORD>
<WORD coords="338,1385,454,1357,1384">same</WORD>
<WORD coords="475,1385,611,1343,1384">under</WORD>
<WORD coords="631,1386,943,1344,1385">consideration</WORD>
<WORD coords="965,1386,1055,1344,1386">and</WORD>
<WORD coords="1074,1399,1147,1345,1385">beg</WORD>
<WORD coords="1169,1387,1284,1346,1386">leave</WORD>
<WORD coords="1306,1388,1345,1352,1388">to</WORD>
<WORD coords="1366,1400,1535,1351,1387">report:</WORD>
</LINE>
</PARAGRAPH>
<PARAGRAPH>
<LINE>
<WORD coords="144,1473,237,1431,1472">The</WORD>
<WORD coords="259,1473,389,1431,1472">claim</WORD>
<WORD coords="413,1474,463,1432,1473">of</WORD>
<WORD coords="490,1474,564,1433,1473">the</WORD>
<WORD coords="596,1474,714,1432,1473">heirs</WORD>
<WORD coords="744,1474,792,1432,1473">of</WORD>
<WORD coords="822,1475,1011,1432,1473">Michael</WORD>
<WORD coords="1043,1486,1264,1433,1475">Johnson,</WORD>
<WORD coords="1289,1490,1491,1435,1476">reported</WORD>
<WORD coords="1521,1478,1577,1449,1477">on</WORD>
<WORD coords="1600,1491,1823,1436,1477">adversely</WORD>
</LINE>
<LINE>
<WORD coords="86,1541,144,1487,1529">by</WORD>
<WORD coords="167,1542,277,1503,1530">your</WORD>
<WORD coords="299,1542,562,1490,1530">committee,</WORD>
<WORD coords="588,1531,674,1504,1530">was</WORD>
<WORD coords="697,1542,794,1505,1530">one,</WORD>
<WORD coords="819,1530,865,1490,1530">in</WORD>
<WORD coords="898,1544,1026,1500,1530">every</WORD>
<WORD coords="1049,1546,1232,1497,1532">respect,</WORD>
<WORD coords="1259,1534,1427,1492,1533">similar</WORD>
<WORD coords="1461,1534,1505,1498,1533">to</WORD>
<WORD coords="1527,1535,1603,1493,1533">the</WORD>
<WORD coords="1625,1535,1754,1494,1534">claim</WORD>
<WORD coords="1777,1536,1826,1494,1535">of</WORD>
</LINE>
<LINE>
<WORD coords="84,1600,239,1542,1586">Bailey</WORD>
<WORD coords="263,1587,303,1547,1588">&amp;</WORD>
<WORD coords="328,1600,507,1547,1588">Delord,</WORD>
<WORD coords="534,1589,679,1547,1588">which</WORD>
<WORD coords="701,1589,779,1548,1588">has</WORD>
<WORD coords="803,1589,910,1547,1588">been</WORD>
<WORD coords="933,1589,1075,1547,1588">before</WORD>
<WORD coords="1099,1603,1315,1549,1590">Congress</WORD>
<WORD coords="1340,1591,1402,1551,1590">for</WORD>
<WORD coords="1428,1592,1500,1550,1591">the</WORD>
<WORD coords="1523,1592,1609,1550,1591">last</WORD>
<WORD coords="1632,1605,1816,1557,1592">twenty-</WORD>
</LINE>
<LINE>
<WORD coords="84,1645,169,1603,1644">five</WORD>
<WORD coords="201,1657,342,1618,1645">years.</WORD>
<WORD coords="406,1646,499,1605,1645">The</WORD>
<WORD coords="531,1647,735,1605,1645">evidence</WORD>
<WORD coords="767,1647,909,1605,1645">shows</WORD>
<WORD coords="947,1646,1045,1605,1645">that</WORD>
<WORD coords="1083,1660,1236,1606,1646">Bailey</WORD>
<WORD coords="1259,1648,1299,1607,1648">&amp;</WORD>
<WORD coords="1326,1649,1490,1607,1648">Delord</WORD>
<WORD coords="1527,1650,1758,1609,1649">furnished</WORD>
<WORD coords="1790,1651,1816,1623,1651">a</WORD>
</LINE>
<LINE>
<WORD coords="82,1716,206,1661,1701">large</WORD>
<WORD coords="228,1704,410,1666,1703">amount</WORD>
<WORD coords="431,1704,480,1662,1703">of</WORD>
<WORD coords="496,1705,798,1662,1703">merchandise</WORD>
<WORD coords="821,1704,865,1667,1703">to</WORD>
<WORD coords="889,1704,964,1663,1703">the</WORD>
<WORD coords="986,1706,1152,1662,1704">officers</WORD>
<WORD coords="1174,1705,1262,1664,1705">and</WORD>
<WORD coords="1284,1706,1467,1665,1705">soldiers</WORD>
<WORD coords="1489,1706,1537,1666,1706">of</WORD>
<WORD coords="1552,1707,1626,1666,1706">the</WORD>
<WORD coords="1649,1708,1817,1666,1707">United</WORD>
</LINE>
<LINE>
<WORD coords="82,1761,226,1717,1759">States</WORD>
<WORD coords="257,1774,399,1734,1760">army,</WORD>
<WORD coords="424,1774,542,1734,1760">upon</WORD>
<WORD coords="574,1761,651,1720,1761">the</WORD>
<WORD coords="682,1761,915,1733,1760">assurance</WORD>
<WORD coords="937,1761,985,1721,1761">of</WORD>
<WORD coords="1015,1763,1090,1721,1761">the</WORD>
<WORD coords="1116,1763,1280,1721,1762">officers</WORD>
<WORD coords="1313,1763,1411,1722,1762">that</WORD>
<WORD coords="1442,1777,1547,1723,1764">they</WORD>
<WORD coords="1570,1765,1730,1724,1764">should</WORD>
<WORD coords="1761,1766,1812,1724,1765">be</WORD>
</LINE>
<LINE>
<WORD coords="83,1830,190,1776,1816">paid</WORD>
<WORD coords="213,1818,258,1791,1818">so</WORD>
<WORD coords="281,1819,386,1792,1818">soon</WORD>
<WORD coords="408,1818,454,1792,1818">as</WORD>
<WORD coords="477,1819,551,1778,1818">the</WORD>
<WORD coords="574,1832,721,1782,1818">troops</WORD>
<WORD coords="743,1819,936,1777,1818">received</WORD>
<WORD coords="960,1820,1075,1777,1818">their</WORD>
<WORD coords="1107,1833,1278,1793,1819">money.</WORD>
<WORD coords="1344,1821,1438,1780,1820">The</WORD>
<WORD coords="1461,1822,1597,1781,1821">credit</WORD>
<WORD coords="1620,1822,1706,1796,1821">was</WORD>
<WORD coords="1729,1822,1818,1781,1821">evi-</WORD>
</LINE>
<LINE>
<WORD coords="80,1888,237,1833,1874">dently</WORD>
<WORD coords="262,1889,392,1835,1875">given</WORD>
<WORD coords="425,1876,499,1835,1875">the</WORD>
<WORD coords="527,1888,643,1850,1876">men,</WORD>
<WORD coords="668,1890,840,1835,1876">though</WORD>
<WORD coords="875,1877,1061,1835,1876">induced</WORD>
<WORD coords="1093,1890,1150,1836,1877">by</WORD>
<WORD coords="1173,1878,1247,1837,1877">the</WORD>
<WORD coords="1281,1891,1483,1838,1878">personal</WORD>
<WORD coords="1516,1880,1748,1853,1879">assurance</WORD>
<WORD coords="1771,1880,1819,1839,1880">of</WORD>
</LINE>
<LINE>
<WORD coords="80,1932,155,1891,1931">the</WORD>
<WORD coords="177,1934,344,1892,1933">officers</WORD>
<WORD coords="366,1933,466,1892,1933">that</WORD>
<WORD coords="497,1946,603,1893,1933">they</WORD>
<WORD coords="634,1934,778,1893,1933">would</WORD>
<WORD coords="801,1934,874,1893,1933">aid</WORD>
<WORD coords="904,1934,951,1892,1934">in</WORD>
<WORD coords="983,1947,1187,1894,1934">securing</WORD>
<WORD coords="1220,1948,1447,1900,1935">payment.</WORD>
<WORD coords="1513,1937,1606,1895,1936">The</WORD>
<WORD coords="1629,1938,1812,1903,1937">amount</WORD>
</LINE>
<LINE>
<WORD coords="77,1991,307,1949,1989">furnished</WORD>
<WORD coords="338,1991,374,1950,1990">is</WORD>
<WORD coords="407,1991,483,1956,1990">not</WORD>
<WORD coords="504,1992,771,1950,1991">established</WORD>
<WORD coords="803,2004,860,1950,1991">by</WORD>
<WORD coords="883,2004,1158,1951,1991">satisfactory</WORD>
<WORD coords="1180,2005,1400,1952,1992">evidence,</WORD>
<WORD coords="1426,1994,1504,1967,1993">nor</WORD>
<WORD coords="1527,1994,1563,1953,1993">is</WORD>
<WORD coords="1598,1994,1633,1953,1994">it</WORD>
<WORD coords="1655,1995,1806,1953,1994">shown</WORD>
</LINE>
<LINE>
<WORD coords="80,2047,178,2006,2046">how</WORD>
<WORD coords="202,2048,332,2008,2048">much</WORD>
<WORD coords="362,2049,450,2022,2048">was</WORD>
<WORD coords="482,2062,737,2008,2048">eventually</WORD>
<WORD coords="760,2062,865,2007,2048">paid</WORD>
<WORD coords="898,2049,963,2009,2048">for</WORD>
<WORD coords="1002,2062,1059,2008,2049">by</WORD>
<WORD coords="1092,2050,1167,2009,2049">the</WORD>
<WORD coords="1199,2050,1261,2010,2049">sol</WORD>
<WORD coords="1270,2051,1394,2009,2050">liers.</WORD>
<WORD coords="1462,2052,1700,2010,2050">Estimates</WORD>
<WORD coords="1737,2053,1811,2026,2052">are</WORD>
</LINE>
<LINE>
<WORD coords="78,2107,205,2064,2105">made</WORD>
<WORD coords="238,2119,292,2065,2106">by</WORD>
<WORD coords="315,2106,395,2080,2105">one</WORD>
<WORD coords="428,2107,474,2080,2106">or</WORD>
<WORD coords="507,2105,593,2071,2104">two</WORD>
<WORD coords="617,2114,853,2065,2106">witnesses,</WORD>
<WORD coords="878,2107,956,2066,2106">but</WORD>
<WORD coords="990,2107,1066,2072,2106">not</WORD>
<WORD coords="1099,2108,1231,2066,2107">based</WORD>
<WORD coords="1264,2122,1381,2081,2108">upon</WORD>
<WORD coords="1415,2120,1502,2082,2108">any</WORD>
<WORD coords="1525,2110,1645,2068,2108">dxda.</WORD>
<WORD coords="1711,2110,1805,2069,2109">The</WORD>
</LINE>
<LINE>
<WORD coords="79,2177,236,2137,2163">papers</WORD>
<WORD coords="259,2164,307,2122,2163">of</WORD>
<WORD coords="327,2176,482,2122,2163">Bailey</WORD>
<WORD coords="506,2163,545,2122,2164">&amp;</WORD>
<WORD coords="571,2164,734,2122,2163">Delord</WORD>
<WORD coords="767,2165,840,2137,2164">are</WORD>
<WORD coords="862,2178,1027,2137,2163">proven</WORD>
<WORD coords="1049,2165,1093,2128,2164">to</WORD>
<WORD coords="1115,2165,1228,2123,2164">have</WORD>
<WORD coords="1250,2166,1356,2123,2165">been</WORD>
<WORD coords="1391,2179,1620,2124,2165">destroyed</WORD>
<WORD coords="1653,2179,1708,2125,2166">by</WORD>
<WORD coords="1732,2168,1813,2126,2167">fire</WORD>
</LINE>
<LINE>
<WORD coords="77,2221,124,2180,2220">in</WORD>
<WORD coords="145,2222,269,2182,2221">1825.</WORD>
<WORD coords="335,2221,425,2181,2220">But</WORD>
<WORD coords="445,2234,556,2194,2220">your</WORD>
<WORD coords="577,2222,826,2180,2221">committee</WORD>
<WORD coords="848,2222,1013,2180,2221">believe</WORD>
<WORD coords="1037,2222,1135,2181,2221">that</WORD>
<WORD coords="1157,2222,1195,2181,2221">if</WORD>
<WORD coords="1212,2222,1288,2181,2221">the</WORD>
<WORD coords="1309,2223,1492,2187,2222">amount</WORD>
<WORD coords="1512,2223,1640,2182,2223">could</WORD>
<WORD coords="1663,2225,1715,2183,2224">be</WORD>
<WORD coords="1737,2225,1807,2197,2224">ac-</WORD>
</LINE>
<LINE>
<WORD coords="77,2292,278,2238,2278">curately</WORD>
<WORD coords="300,2290,587,2237,2278">ascertained,</WORD>
<WORD coords="613,2278,648,2237,2278">it</WORD>
<WORD coords="671,2279,816,2238,2278">would</WORD>
<WORD coords="848,2280,942,2238,2278">still</WORD>
<WORD coords="980,2279,1031,2238,2279">be</WORD>
<WORD coords="1064,2280,1119,2253,2279">no</WORD>
<WORD coords="1141,2280,1270,2239,2279">claim</WORD>
<WORD coords="1303,2293,1480,2239,2279">against</WORD>
<WORD coords="1511,2281,1586,2239,2280">the</WORD>
<WORD coords="1620,2295,1806,2255,2280">govern-</WORD>
</LINE>
<LINE>
<WORD coords="78,2337,214,2302,2335">ment.</WORD>
<WORD coords="280,2336,343,2295,2335">As</WORD>
<WORD coords="367,2336,453,2309,2335">was</WORD>
<WORD coords="486,2337,636,2295,2335">shown</WORD>
<WORD coords="670,2336,715,2295,2335">in</WORD>
<WORD coords="747,2337,822,2295,2336">the</WORD>
<WORD coords="844,2337,938,2310,2337">case</WORD>
<WORD coords="961,2337,1008,2295,2336">of</WORD>
<WORD coords="1038,2337,1113,2296,2336">the</WORD>
<WORD coords="1145,2337,1260,2296,2336">heirs</WORD>
<WORD coords="1285,2337,1332,2298,2337">of</WORD>
<WORD coords="1361,2338,1549,2297,2337">Michael</WORD>
<WORD coords="1582,2350,1804,2298,2338">Johnson,</WORD>
</LINE>
<LINE>
<WORD coords="80,2375,109,2356,2385">"</WORD>
<WORD coords="129,2394,203,2353,2393">the</WORD>
<WORD coords="227,2407,373,2357,2393">troops</WORD>
<WORD coords="396,2394,506,2367,2393">were</WORD>
<WORD coords="529,2407,732,2352,2393">supplied</WORD>
<WORD coords="756,2394,861,2353,2393">with</WORD>
<WORD coords="895,2395,1061,2354,2393">rations</WORD>
<WORD coords="1096,2395,1171,2359,2394">not</WORD>
<WORD coords="1202,2407,1257,2354,2394">by</WORD>
<WORD coords="1280,2407,1612,2354,2394">commissaries,</WORD>
<WORD coords="1638,2396,1717,2355,2396">but</WORD>
<WORD coords="1749,2410,1807,2355,2396">by</WORD>
</LINE>
<LINE>
<WORD coords="75,2452,344,2416,2450">contractors</WORD>
<WORD coords="364,2463,372,2424,2457">;</WORD>
<WORD coords="411,2451,498,2410,2450">and</WORD>
<WORD coords="521,2450,620,2410,2450">that</WORD>
<WORD coords="640,2451,705,2409,2450">for</WORD>
<WORD coords="727,2465,970,2410,2451">supplying</WORD>
<WORD coords="1004,2452,1077,2411,2451">the</WORD>
<WORD coords="1099,2466,1246,2417,2452">troops</WORD>
<WORD coords="1278,2452,1324,2411,2452">in</WORD>
<WORD coords="1357,2453,1430,2412,2452">the</WORD>
<WORD coords="1454,2467,1628,2412,2452">portion</WORD>
<WORD coords="1651,2454,1700,2412,2453">of</WORD>
<WORD coords="1730,2454,1805,2413,2454">the</WORD>
</LINE>
<LINE>
<WORD coords="76,2509,199,2467,2508">State</WORD>
<WORD coords="221,2509,268,2469,2508">of</WORD>
<WORD coords="284,2509,390,2467,2508">New</WORD>
<WORD coords="414,2509,535,2467,2508">York</WORD>
<WORD coords="561,2509,752,2467,2507">wherein</WORD>
<WORD coords="777,2522,1037,2468,2508">Plattsburg</WORD>
<WORD coords="1060,2509,1096,2468,2508">is</WORD>
<WORD coords="1119,2521,1325,2468,2509">situated,</WORD>
<WORD coords="1348,2510,1457,2469,2509">from</WORD>
<WORD coords="1480,2510,1553,2469,2510">the</WORD>
<WORD coords="1579,2511,1645,2472,2510">1st</WORD>
<WORD coords="1667,2523,1802,2470,2511">June,</WORD>
</LINE>
<LINE>
<WORD coords="78,2577,203,2527,2568">1814,</WORD>
<WORD coords="230,2566,273,2530,2565">to</WORD>
<WORD coords="296,2566,370,2525,2565">the</WORD>
<WORD coords="393,2566,489,2527,2565">31st</WORD>
<WORD coords="513,2578,630,2525,2565">May,</WORD>
<WORD coords="660,2577,784,2527,2567">1815,</WORD>
<WORD coords="812,2566,1017,2525,2565">William</WORD>
<WORD coords="1041,2567,1096,2526,2567">D.</WORD>
<WORD coords="1119,2568,1309,2526,2567">Cheever</WORD>
<WORD coords="1334,2568,1419,2541,2567">was</WORD>
<WORD coords="1442,2568,1516,2527,2567">the</WORD>
<WORD coords="1539,2579,1802,2534,2567">contractor,</WORD>
</LINE>
<LINE>
<WORD coords="76,2624,164,2583,2623">and</WORD>
<WORD coords="187,2624,240,2598,2623">on</WORD>
<WORD coords="260,2624,333,2582,2623">file</WORD>
<WORD coords="356,2623,463,2583,2622">with</WORD>
<WORD coords="487,2623,555,2583,2622">his</WORD>
<WORD coords="578,2624,782,2590,2623">accounts</WORD>
<WORD coords="815,2625,937,2583,2623">there</WORD>
<WORD coords="959,2624,1032,2596,2623">are</WORD>
<WORD coords="1061,2624,1195,2583,2623">found</WORD>
<WORD coords="1222,2625,1266,2589,2624">to</WORD>
<WORD coords="1289,2625,1340,2584,2625">be</WORD>
<WORD coords="1363,2639,1586,2584,2624">regularly</WORD>
<WORD coords="1610,2626,1805,2585,2625">certified</WORD>
</LINE>
<LINE>
<WORD coords="75,2694,281,2640,2680">monthly</WORD>
<WORD coords="300,2681,514,2640,2680">abstracts</WORD>
<WORD coords="537,2681,585,2640,2680">of</WORD>
<WORD coords="600,2681,735,2639,2680">issues</WORD>
<WORD coords="754,2682,802,2639,2681">of</WORD>
<WORD coords="817,2696,1029,2640,2681">complete</WORD>
<WORD coords="1053,2683,1218,2640,2681">rations</WORD>
<WORD coords="1242,2683,1286,2646,2682">to</WORD>
<WORD coords="1310,2683,1384,2641,2682">the</WORD>
<WORD coords="1408,2696,1554,2651,2682">troops</WORD>
<WORD coords="1573,2683,1618,2647,2682">at</WORD>
<WORD coords="1642,2684,1804,2643,2683">Platts-</WORD>
</LINE>
<LINE>
<WORD coords="75,2752,190,2697,2738">burg</WORD>
<WORD coords="212,2738,276,2698,2737">for</WORD>
<WORD coords="300,2739,374,2697,2737">the</WORD>
<WORD coords="397,2738,538,2697,2737">whole</WORD>
<WORD coords="560,2738,666,2697,2738">time</WORD>
<WORD coords="691,2713,718,2698,2713">"</WORD>
</LINE>
</PARAGRAPH>
<PARAGRAPH>
<LINE>
<WORD coords="135,2797,203,2756,2796">On</WORD>
<WORD coords="226,2796,301,2755,2795">the</WORD>
<WORD coords="326,2795,430,2755,2794">10th</WORD>
<WORD coords="454,2796,501,2756,2795">of</WORD>
<WORD coords="518,2809,665,2755,2795">April,</WORD>
<WORD coords="694,2808,819,2756,2797">1840,</WORD>
<WORD coords="848,2797,930,2755,2796">Mr.</WORD>
<WORD coords="958,2797,1172,2755,2796">Hubbard</WORD>
<WORD coords="1205,2811,1405,2755,2797">reported</WORD>
<WORD coords="1437,2798,1550,2756,2797">from</WORD>
<WORD coords="1580,2798,1654,2757,2798">the</WORD>
<WORD coords="1679,2800,1804,2757,2799">Com-</WORD>
</LINE>
<LINE>
<WORD coords="75,2854,225,2813,2853">mittee</WORD>
<WORD coords="247,2853,293,2815,2852">of</WORD>
<WORD coords="312,2854,475,2812,2852">Claims</WORD>
<WORD coords="497,2853,543,2827,2853">as</WORD>
<WORD coords="566,2854,734,2812,2853">follows</WORD>
<WORD coords="751,2854,760,2826,2854">:</WORD>
</LINE>
</PARAGRAPH>
<PARAGRAPH>
<LINE>
<WORD coords="77,2950,105,2930,2958">"</WORD>
<WORD coords="122,2968,208,2927,2968">The</WORD>
<WORD coords="233,2969,473,2926,2967">Committee</WORD>
<WORD coords="493,2979,544,2926,2973">of</WORD>
<WORD coords="560,2976,741,2925,2966">Claims,</WORD>
<WORD coords="762,2967,802,2931,2967">to</WORD>
<WORD coords="818,2967,949,2926,2966">tvhom</WORD>
<WORD coords="967,2967,1055,2940,2967">teas</WORD>
<WORD coords="1074,2975,1264,2926,2967">referred</WORD>
<WORD coords="1278,2967,1417,2926,2966">House</WORD>
<WORD coords="1434,2967,1504,2926,2967">hill</WORD>
<WORD coords="1524,2968,1602,2927,2967">No.</WORD>
<WORD coords="1621,2978,1691,2928,2970">43,</WORD>
<WORD coords="1716,2981,1805,2927,2972">^for</WORD>
</LINE>
<LINE>
<WORD coords="132,3026,197,2985,3025">the</WORD>
<WORD coords="219,3039,348,2984,3027">relief</WORD>
<WORD coords="360,3038,410,2984,3031">of</WORD>
<WORD coords="435,3025,621,2983,3024">JVilliam</WORD>
<WORD coords="642,3036,814,2983,3024">Bailey,</WORD>
<WORD coords="837,3026,1035,2983,3024">survivor</WORD>
<WORD coords="1054,3038,1106,2984,3031">of</WORD>
<WORD coords="1118,3039,1276,2983,3024">Bailey</WORD>
<WORD coords="1299,3026,1338,2983,3025">ct</WORD>
<WORD coords="1359,3037,1555,2984,3024">Delord,'</WORD>
<WORD coords="1581,3039,1744,2989,3025">report:</WORD>
</LINE>
</PARAGRAPH>
</REGION>
</PAGECOLUMN>
<PAGECOLUMN>
<REGION>
<PARAGRAPH>
<LINE>
<WORD coords="135,3122,163,3104,3130">"</WORD>
<WORD coords="181,3141,298,3099,3140">That</WORD>
<WORD coords="320,3140,394,3099,3140">the</WORD>
<WORD coords="416,3140,547,3099,3139">claim</WORD>
<WORD coords="569,3139,613,3098,3139">in</WORD>
<WORD coords="638,3139,725,3097,3138">this</WORD>
<WORD coords="748,3148,858,3112,3138">case,</WORD>
<WORD coords="883,3138,970,3097,3137">and</WORD>
<WORD coords="993,3138,1067,3097,3138">the</WORD>
<WORD coords="1089,3139,1293,3097,3138">evidence</WORD>
<WORD coords="1315,3152,1431,3111,3138">upon</WORD>
<WORD coords="1453,3138,1593,3097,3137">which</WORD>
<WORD coords="1617,3138,1650,3097,3138">it</WORD>
<WORD coords="1674,3150,1798,3102,3138">rests,</WORD>
</LINE>
<LINE>
<WORD coords="75,3200,145,3172,3199">are</WORD>
<WORD coords="167,3211,280,3157,3198">fully</WORD>
<WORD coords="299,3198,364,3162,3197">set</WORD>
<WORD coords="384,3198,500,3157,3197">forth</WORD>
<WORD coords="526,3197,569,3156,3196">in</WORD>
<WORD coords="588,3197,663,3155,3196">the</WORD>
<WORD coords="681,3210,856,3155,3196">printed</WORD>
<WORD coords="875,3210,1042,3160,3196">reports</WORD>
<WORD coords="1060,3210,1406,3155,3195">accompanying</WORD>
<WORD coords="1424,3196,1498,3155,3195">the</WORD>
<WORD coords="1516,3196,1611,3155,3195">bill.</WORD>
<WORD coords="1679,3196,1802,3156,3195">After</WORD>
</LINE>
</PARAGRAPH>
</REGION>
</PAGECOLUMN>
</HIDDENTEXT>
</OBJECT>
  </BODY>
</DjVuXML>
