<?xml version="1.0"?>
<METS:mets xmlns:xsi="http://www.w3.org/2001/XMLSchema-instance" xmlns:METS="http://www.loc.gov/METS/" xmlns:PREMIS="info:lc/xmlns/premis-v2" xmlns:MARC="http://www.loc.gov/MARC21/slim" xmlns:xlink="http://www.w3.org/1999/xlink" xmlns:HT="http://www.hathitrust.org/premis_extension" OBJID="loc.ark:/13960/t5v69h717" xsi:schemaLocation="http://www.loc.gov/METS/ http://www.loc.gov/standards/mets/mets.xsd info:lc/xmlns/premis-v2 http://www.loc.gov/standards/premis/v2/premis-v2-0.xsd http://www.loc.gov/MARC21/slim http://www.loc.gov/standards/marcxml/schema/MARC21slim.xsd">
  <METS:metsHdr ID="HDR1" CREATEDATE="2011-03-18T15:57:07" RECORDSTATUS="NEW">
    <METS:agent TYPE="ORGANIZATION" ROLE="CREATOR">
      <METS:name>DLPS</METS:name>
    </METS:agent>
    <METS:altRecordID TYPE="IAidentifier">ia.baileydelord00unit</METS:altRecordID>
  </METS:metsHdr>
  <METS:dmdSec ID="DMD1">
    <METS:mdWrap LABEL="IA MARC record" MIMETYPE="text/xml" MDTYPE="MARC">
      <METS:xmlData>
        <record xmlns="http://www.loc.gov/MARC21/slim">
  <leader>00552cam a2200181u  4500</leader>
  <controlfield tag="001">8131461</controlfield>
  <controlfield tag="005">20040930151214.0</controlfield>
  <controlfield tag="008">810410s1858    dcu           000 0 eng  </controlfield>
  <datafield tag="035" ind1=" " ind2=" ">
    <subfield code="9">(DLC)unk81008241</subfield>
  </datafield>
  <datafield tag="906" ind1=" " ind2=" ">
    <subfield code="a">0</subfield>
    <subfield code="b">cbc</subfield>
    <subfield code="c">premunv</subfield>
    <subfield code="d">u</subfield>
    <subfield code="e">ncip</subfield>
    <subfield code="f">19</subfield>
    <subfield code="g">y-gencatlg</subfield>
  </datafield>
  <datafield tag="010" ind1=" " ind2=" ">
    <subfield code="a">unk81008241 </subfield>
  </datafield>
  <datafield tag="040" ind1=" " ind2=" ">
    <subfield code="a">DLC</subfield>
    <subfield code="c">CarP</subfield>
    <subfield code="d">DLC</subfield>
  </datafield>
  <datafield tag="050" ind1="0" ind2="0">
    <subfield code="a">E359</subfield>
    <subfield code="b">.U504</subfield>
  </datafield>
  <datafield tag="110" ind1="1" ind2=" ">
    <subfield code="a">United States.</subfield>
    <subfield code="b">Congress.</subfield>
    <subfield code="b">House.</subfield>
    <subfield code="b">Committee on Claims.</subfield>
  </datafield>
  <datafield tag="245" ind1="0" ind2="0">
    <subfield code="a">Bailey and Delord...</subfield>
  </datafield>
  <datafield tag="260" ind1=" " ind2=" ">
    <subfield code="a">[Washington,</subfield>
    <subfield code="b">Govt. print. off.,</subfield>
    <subfield code="c">1858]</subfield>
  </datafield>
  <datafield tag="300" ind1=" " ind2=" ">
    <subfield code="a">2 p.</subfield>
    <subfield code="c">25 cm.</subfield>
  </datafield>
  <datafield tag="991" ind1=" " ind2=" ">
    <subfield code="b">c-GenColl</subfield>
    <subfield code="h">E352</subfield>
    <subfield code="i">.U50</subfield>
    <subfield code="t">Copy 1</subfield>
    <subfield code="w">PREM</subfield>
  </datafield>
</record>
      </METS:xmlData>
    </METS:mdWrap>
  </METS:dmdSec>
  <METS:dmdSec ID="DMD2">
    <METS:mdWrap LABEL="IA metadata" MIMETYPE="text/xml" MDTYPE="OTHER">
      <METS:xmlData>
        <metadata>
  <title>Bailey and Delord..</title>
  <creator>United States. Congress. House. Committee on Claims</creator>
  <publisher>[Washington, Govt. print. off.</publisher>
  <date>1858]</date>
  <language>eng</language>
  <possible-copyright-status>NOT_IN_COPYRIGHT</possible-copyright-status>
  <sponsor>Sloan Foundation</sponsor>
  <contributor>The Library of Congress</contributor>
  <scanningcenter>capitolhill</scanningcenter>
  <mediatype>texts</mediatype>
  <collection>library_of_congress</collection>
  <call_number>8131461</call_number>
  <identifier-bib>00118981972</identifier-bib>
  <repub_state>4</repub_state>
  <updatedate>2008-04-24 10:54:06</updatedate>
  <updater>scanner-bunna-teav@archive.org</updater>
  <identifier>baileydelord00unit</identifier>
  <uploader>Bunna@archive.org</uploader>
  <addeddate>2008-04-24 10:54:08</addeddate>
  <publicdate>2008-04-24 10:54:19</publicdate>
  <imagecount>8</imagecount>
  <ppi>400</ppi>
  <lcamid/>
  <rcamid/>
  <camera>Canon 5D</camera>
  <operator>scanner-annie-coates-@archive.org</operator>
  <scanner>scribe8.capitolhill.archive.org
</scanner>
  <missingpages/>
  <scandate>20080429145053</scandate>
  <foldoutcount>0</foldoutcount>
  <identifier-access>http://www.archive.org/details/baileydelord00unit</identifier-access>
  <identifier-ark>ark:/13960/t5v69h717</identifier-ark>
  
  
  <curation>[curator]julie@archive.org[/curator][date]20080611232818[/date][state]approved[/state]</curation>
  <sponsordate>20080531</sponsordate>
  <filesxml>Mon Aug 17 21:48:00 UTC 2009</filesxml>
  <collection>americana</collection>
</metadata>
      </METS:xmlData>
    </METS:mdWrap>
  </METS:dmdSec>
  <METS:amdSec ID="AMD1">
    <METS:techMD ID="TMD1">
      <METS:mdWrap LABEL="IA scandata" MIMETYPE="text/xml" MDTYPE="OTHER">
        <METS:xmlData>
          <book>
  <bookData>
    <bookId>baileydelord00unit</bookId>
    <leafCount>8</leafCount>
    <cameraModel>Canon 5D</cameraModel>
    <leftCameraId/>
    <rightCameraId/>
    <dpi>400</dpi>
    <pageNumData>
      <assertion>
        <leafNum>1</leafNum>
        <pageNum>1</pageNum>
      </assertion>
      <assertion>
        <leafNum>2</leafNum>
        <pageNum>2</pageNum>
      </assertion>
    </pageNumData>
  </bookData>
  <scanLog>
    <scanEvent>
      <scannerEmail>scanner-annie-coates-@archive.org</scannerEmail>
      <scribe>scribe8.capitolhill.archive.org
</scribe>
      <startTimeStamp>20080429144856</startTimeStamp>
      <endTimeStamp>20080429145053</endTimeStamp>
    </scanEvent>
  </scanLog>
  <pageData>
    <page leafNum="0">
      <handSide>LEFT</handSide>
      <pageType>Delete</pageType>
      <addToAccessFormats>false</addToAccessFormats>
      <rotateDegree>-90</rotateDegree>
      <skewAngle>0.00</skewAngle>
      <skewAngleDetect>0.00</skewAngleDetect>
      <skewScore>-1.00</skewScore>
      <skewActive>false</skewActive>
      <origWidth>2912</origWidth>
      <origHeight>4368</origHeight>
      <cropBox>
        <x>582</x>
        <y>873</y>
        <w>1747</w>
        <h>2620</h>
      </cropBox>
      <bookStart>true</bookStart>
      <ppi/>
    </page>
    <page leafNum="1">
      <handSide>RIGHT</handSide>
      <pageType>Cover</pageType>
      <addToAccessFormats>true</addToAccessFormats>
      <rotateDegree>90</rotateDegree>
      <skewAngle>1.19</skewAngle>
      <skewAngleDetect>1.19</skewAngleDetect>
      <skewScore>2.11</skewScore>
      <skewActive>true</skewActive>
      <origWidth>2912</origWidth>
      <origHeight>4368</origHeight>
      <cropBox>
        <x>315</x>
        <y>385</y>
        <w>1887</w>
        <h>3343</h>
      </cropBox>
      <ppi/>
      <pageNumber>1</pageNumber>
    </page>
    <page leafNum="2">
      <handSide>LEFT</handSide>
      <pageType>Cover</pageType>
      <addToAccessFormats>true</addToAccessFormats>
      <rotateDegree>-90</rotateDegree>
      <skewAngle>-0.59</skewAngle>
      <skewAngleDetect>-0.59</skewAngleDetect>
      <skewScore>2.10</skewScore>
      <skewActive>true</skewActive>
      <origWidth>2912</origWidth>
      <origHeight>4368</origHeight>
      <cropBox>
        <x>649</x>
        <y>274</y>
        <w>2018</w>
        <h>3451</h>
      </cropBox>
      <ppi/>
      <pageNumber>2</pageNumber>
    </page>
    <page leafNum="3">
      <handSide>RIGHT</handSide>
      <pageType>Delete</pageType>
      <addToAccessFormats>false</addToAccessFormats>
      <rotateDegree>90</rotateDegree>
      <skewAngle>0.00</skewAngle>
      <skewAngleDetect>0.00</skewAngleDetect>
      <skewScore>-1.00</skewScore>
      <skewActive>false</skewActive>
      <origWidth>2912</origWidth>
      <origHeight>4368</origHeight>
      <cropBox>
        <x>315</x>
        <y>385</y>
        <w>1887</w>
        <h>3343</h>
      </cropBox>
      <ppi/>
    </page>
    <page leafNum="4">
      <handSide>LEFT</handSide>
      <pageType>Color Card</pageType>
      <addToAccessFormats>false</addToAccessFormats>
      <rotateDegree>-90</rotateDegree>
      <skewAngle>0</skewAngle>
      <skewAngleDetect>0.00</skewAngleDetect>
      <skewScore>-1.00</skewScore>
      <skewActive>false</skewActive>
      <origWidth>2912</origWidth>
      <origHeight>4368</origHeight>
      <cropBox>
        <x>710</x>
        <y>385</y>
        <w>1887</w>
        <h>3343</h>
      </cropBox>
      <ppi/>
    </page>
    <page leafNum="5">
      <handSide>RIGHT</handSide>
      <pageType>Color Card</pageType>
      <addToAccessFormats>false</addToAccessFormats>
      <rotateDegree>90</rotateDegree>
      <skewAngle>0</skewAngle>
      <skewAngleDetect>0.00</skewAngleDetect>
      <skewScore>-1.00</skewScore>
      <skewActive>false</skewActive>
      <origWidth>2912</origWidth>
      <origHeight>4368</origHeight>
      <cropBox>
        <x>315</x>
        <y>385</y>
        <w>1887</w>
        <h>3343</h>
      </cropBox>
      <ppi/>
    </page>
    <page leafNum="6">
      <handSide>LEFT</handSide>
      <pageType>White Card</pageType>
      <addToAccessFormats>false</addToAccessFormats>
      <rotateDegree>-90</rotateDegree>
      <skewAngle>1.66</skewAngle>
      <skewAngleDetect>1.66</skewAngleDetect>
      <skewScore>0.00</skewScore>
      <skewActive>false</skewActive>
      <origWidth>2912</origWidth>
      <origHeight>4368</origHeight>
      <cropBox>
        <x>710</x>
        <y>385</y>
        <w>1887</w>
        <h>3343</h>
      </cropBox>
      <ppi/>
    </page>
    <page leafNum="7">
      <handSide>RIGHT</handSide>
      <pageType>White Card</pageType>
      <addToAccessFormats>false</addToAccessFormats>
      <rotateDegree>90</rotateDegree>
      <skewAngle>0</skewAngle>
      <skewAngleDetect>0.00</skewAngleDetect>
      <skewScore>0.00</skewScore>
      <skewActive>false</skewActive>
      <origWidth>2912</origWidth>
      <origHeight>4368</origHeight>
      <cropBox>
        <x>315</x>
        <y>431</y>
        <w>1887</w>
        <h>3343</h>
      </cropBox>
      <ppi/>
    </page>
  </pageData>
</book>
        </METS:xmlData>
      </METS:mdWrap>
    </METS:techMD>
    <METS:digiprovMD ID="premis1">
      <METS:mdWrap MIMETYPE="text/xml" MDTYPE="PREMIS">
        <METS:xmlData>
          <PREMIS:premis version="2.0">
            <PREMIS:object xsi:type="PREMIS:representation">
              <PREMIS:objectIdentifier>
                <PREMIS:objectIdentifierType>identifier</PREMIS:objectIdentifierType>
                <PREMIS:objectIdentifierValue>loc.ark:/13960/t5v69h717</PREMIS:objectIdentifierValue>
              </PREMIS:objectIdentifier>
            </PREMIS:object>
            <PREMIS:event>
              <PREMIS:eventIdentifier>
                <PREMIS:eventIdentifierType>UUID</PREMIS:eventIdentifierType>
                <PREMIS:eventIdentifierValue>77286B2A-2804-361F-AE6B-EF8BF7C5A725</PREMIS:eventIdentifierValue>
              </PREMIS:eventIdentifier>
              <PREMIS:eventType>capture</PREMIS:eventType>
              <PREMIS:eventDateTime>2008-04-29T14:50:53</PREMIS:eventDateTime>
              <PREMIS:eventDetail>Initial capture of item</PREMIS:eventDetail>
              <PREMIS:linkingAgentIdentifier>
                <PREMIS:linkingAgentIdentifierType>MARC21 Code</PREMIS:linkingAgentIdentifierType>
                <PREMIS:linkingAgentIdentifierValue>CaSfIA</PREMIS:linkingAgentIdentifierValue>
                <PREMIS:linkingAgentRole>Executor</PREMIS:linkingAgentRole>
              </PREMIS:linkingAgentIdentifier>
              <PREMIS:linkingAgentIdentifier>
                <PREMIS:linkingAgentIdentifierType>tool</PREMIS:linkingAgentIdentifierType>
                <PREMIS:linkingAgentIdentifierValue>scribe8.capitolhill.archive.org
</PREMIS:linkingAgentIdentifierValue>
                <PREMIS:linkingAgentRole>image capture</PREMIS:linkingAgentRole>
              </PREMIS:linkingAgentIdentifier>
            </PREMIS:event>
            <PREMIS:event>
              <PREMIS:eventIdentifier>
                <PREMIS:eventIdentifierType>UUID</PREMIS:eventIdentifierType>
                <PREMIS:eventIdentifierValue>022D0E11-FB76-3294-83AF-1923BEAA4723</PREMIS:eventIdentifierValue>
              </PREMIS:eventIdentifier>
              <PREMIS:eventType>package inspection</PREMIS:eventType>
              <PREMIS:eventDateTime>2011-03-18T15:56:46</PREMIS:eventDateTime>
              <PREMIS:eventDetail>Inspection of download package for missing files</PREMIS:eventDetail>
              <PREMIS:eventOutcomeInformation>
                <PREMIS:eventOutcome>warning</PREMIS:eventOutcome>
                <PREMIS:eventOutcomeDetail>
                  <PREMIS:eventOutcomeDetailNote>files missing</PREMIS:eventOutcomeDetailNote>
                  <PREMIS:eventOutcomeDetailExtension>
                    <HT:fileList status="missing">
                      <HT:file>baileydelord00unit_scanfactors.xml</HT:file>
                    </HT:fileList>
                  </PREMIS:eventOutcomeDetailExtension>
                </PREMIS:eventOutcomeDetail>
              </PREMIS:eventOutcomeInformation>
              <PREMIS:linkingAgentIdentifier>
                <PREMIS:linkingAgentIdentifierType>MARC21 Code</PREMIS:linkingAgentIdentifierType>
                <PREMIS:linkingAgentIdentifierValue>MiU</PREMIS:linkingAgentIdentifierValue>
                <PREMIS:linkingAgentRole>Executor</PREMIS:linkingAgentRole>
              </PREMIS:linkingAgentIdentifier>
              <PREMIS:linkingAgentIdentifier>
                <PREMIS:linkingAgentIdentifierType>tool</PREMIS:linkingAgentIdentifierType>
                <PREMIS:linkingAgentIdentifierValue>feedd.pl git rev afa62ada8e94a774ff010416aeb5ce40595dd9dc</PREMIS:linkingAgentIdentifierValue>
                <PREMIS:linkingAgentRole>software</PREMIS:linkingAgentRole>
              </PREMIS:linkingAgentIdentifier>
            </PREMIS:event>
            <PREMIS:event>
              <PREMIS:eventIdentifier>
                <PREMIS:eventIdentifierType>UUID</PREMIS:eventIdentifierType>
                <PREMIS:eventIdentifierValue>E9304058-6B48-3E0A-8485-B5CA58E4D080</PREMIS:eventIdentifierValue>
              </PREMIS:eventIdentifier>
              <PREMIS:eventType>fixity check</PREMIS:eventType>
              <PREMIS:eventDateTime>2011-03-18T15:56:54</PREMIS:eventDateTime>
              <PREMIS:eventDetail>Calculation of md5 hash values for downloaded files, comparison with pre-download md5 values</PREMIS:eventDetail>
              <PREMIS:eventOutcomeInformation>
                <PREMIS:eventOutcome>pass</PREMIS:eventOutcome>
                <PREMIS:eventOutcomeDetail>
                  <PREMIS:eventOutcomeDetailNote>files passed checksum validation</PREMIS:eventOutcomeDetailNote>
                  <PREMIS:eventOutcomeDetailExtension>
                    <HT:fileList status="passed">
                      <HT:file>baileydelord00unit_djvu.xml</HT:file>
                      <HT:file>baileydelord00unit_jp2.zip</HT:file>
                      <HT:file>baileydelord00unit_scandata.xml</HT:file>
                      <HT:file>baileydelord00unit_marc.xml</HT:file>
                      <HT:file>baileydelord00unit_meta.xml</HT:file>
                    </HT:fileList>
                  </PREMIS:eventOutcomeDetailExtension>
                </PREMIS:eventOutcomeDetail>
                <PREMIS:eventOutcomeDetail>
                  <PREMIS:eventOutcomeDetailNote>files not checked</PREMIS:eventOutcomeDetailNote>
                  <PREMIS:eventOutcomeDetailExtension>
                    <HT:fileList status="unchecked"/>
                  </PREMIS:eventOutcomeDetailExtension>
                </PREMIS:eventOutcomeDetail>
              </PREMIS:eventOutcomeInformation>
              <PREMIS:linkingAgentIdentifier>
                <PREMIS:linkingAgentIdentifierType>MARC21 Code</PREMIS:linkingAgentIdentifierType>
                <PREMIS:linkingAgentIdentifierValue>MiU</PREMIS:linkingAgentIdentifierValue>
                <PREMIS:linkingAgentRole>Executor</PREMIS:linkingAgentRole>
              </PREMIS:linkingAgentIdentifier>
              <PREMIS:linkingAgentIdentifier>
                <PREMIS:linkingAgentIdentifierType>tool</PREMIS:linkingAgentIdentifierType>
                <PREMIS:linkingAgentIdentifierValue>Digest::MD5 2.36</PREMIS:linkingAgentIdentifierValue>
                <PREMIS:linkingAgentRole>software</PREMIS:linkingAgentRole>
              </PREMIS:linkingAgentIdentifier>
            </PREMIS:event>
            <PREMIS:event>
              <PREMIS:eventIdentifier>
                <PREMIS:eventIdentifierType>UUID</PREMIS:eventIdentifierType>
                <PREMIS:eventIdentifierValue>C656D4E2-264C-355B-AED5-045B419ED4FC</PREMIS:eventIdentifierValue>
              </PREMIS:eventIdentifier>
              <PREMIS:eventType>ocr split</PREMIS:eventType>
              <PREMIS:eventDateTime>2011-03-18T15:57:04</PREMIS:eventDateTime>
              <PREMIS:eventDetail>Splitting of IA XML OCR into one plain text OCR file and one XML file (with coordinates) per page</PREMIS:eventDetail>
              <PREMIS:linkingAgentIdentifier>
                <PREMIS:linkingAgentIdentifierType>MARC21 Code</PREMIS:linkingAgentIdentifierType>
                <PREMIS:linkingAgentIdentifierValue>MiU</PREMIS:linkingAgentIdentifierValue>
                <PREMIS:linkingAgentRole>Executor</PREMIS:linkingAgentRole>
              </PREMIS:linkingAgentIdentifier>
              <PREMIS:linkingAgentIdentifier>
                <PREMIS:linkingAgentIdentifierType>tool</PREMIS:linkingAgentIdentifierType>
                <PREMIS:linkingAgentIdentifierValue>feedd.pl git rev afa62ada8e94a774ff010416aeb5ce40595dd9dc</PREMIS:linkingAgentIdentifierValue>
                <PREMIS:linkingAgentRole>software</PREMIS:linkingAgentRole>
              </PREMIS:linkingAgentIdentifier>
            </PREMIS:event>
            <PREMIS:event>
              <PREMIS:eventIdentifier>
                <PREMIS:eventIdentifierType>UUID</PREMIS:eventIdentifierType>
                <PREMIS:eventIdentifierValue>75CC9A01-C6A0-30C6-A11A-D6BE16EE1044</PREMIS:eventIdentifierValue>
              </PREMIS:eventIdentifier>
              <PREMIS:eventType>file rename</PREMIS:eventType>
              <PREMIS:eventDateTime>2011-03-18T15:57:07</PREMIS:eventDateTime>
              <PREMIS:eventDetail>File renaming to HathiTrust conventions</PREMIS:eventDetail>
              <PREMIS:linkingAgentIdentifier>
                <PREMIS:linkingAgentIdentifierType>MARC21 Code</PREMIS:linkingAgentIdentifierType>
                <PREMIS:linkingAgentIdentifierValue>MiU</PREMIS:linkingAgentIdentifierValue>
                <PREMIS:linkingAgentRole>Executor</PREMIS:linkingAgentRole>
              </PREMIS:linkingAgentIdentifier>
              <PREMIS:linkingAgentIdentifier>
                <PREMIS:linkingAgentIdentifierType>tool</PREMIS:linkingAgentIdentifierType>
                <PREMIS:linkingAgentIdentifierValue>feedd.pl git rev afa62ada8e94a774ff010416aeb5ce40595dd9dc</PREMIS:linkingAgentIdentifierValue>
                <PREMIS:linkingAgentRole>software</PREMIS:linkingAgentRole>
              </PREMIS:linkingAgentIdentifier>
            </PREMIS:event>
            <PREMIS:event>
              <PREMIS:eventIdentifier>
                <PREMIS:eventIdentifierType>UUID</PREMIS:eventIdentifierType>
                <PREMIS:eventIdentifierValue>D2802E55-1E0D-3436-8389-1C74E26B32D5</PREMIS:eventIdentifierValue>
              </PREMIS:eventIdentifier>
              <PREMIS:eventType>image header modification</PREMIS:eventType>
              <PREMIS:eventDateTime>2011-03-18T15:57:07</PREMIS:eventDateTime>
              <PREMIS:eventDetail>Modification of image headers to meet HathiTrust conventions</PREMIS:eventDetail>
              <PREMIS:linkingAgentIdentifier>
                <PREMIS:linkingAgentIdentifierType>MARC21 Code</PREMIS:linkingAgentIdentifierType>
                <PREMIS:linkingAgentIdentifierValue>MiU</PREMIS:linkingAgentIdentifierValue>
                <PREMIS:linkingAgentRole>Executor</PREMIS:linkingAgentRole>
              </PREMIS:linkingAgentIdentifier>
              <PREMIS:linkingAgentIdentifier>
                <PREMIS:linkingAgentIdentifierType>tool</PREMIS:linkingAgentIdentifierType>
                <PREMIS:linkingAgentIdentifierValue>feedd.pl git rev afa62ada8e94a774ff010416aeb5ce40595dd9dc</PREMIS:linkingAgentIdentifierValue>
                <PREMIS:linkingAgentRole>software</PREMIS:linkingAgentRole>
              </PREMIS:linkingAgentIdentifier>
              <PREMIS:linkingAgentIdentifier>
                <PREMIS:linkingAgentIdentifierType>tool</PREMIS:linkingAgentIdentifierType>
                <PREMIS:linkingAgentIdentifierValue>Image::ExifTool 8.13</PREMIS:linkingAgentIdentifierValue>
                <PREMIS:linkingAgentRole>software</PREMIS:linkingAgentRole>
              </PREMIS:linkingAgentIdentifier>
            </PREMIS:event>
            <PREMIS:event>
              <PREMIS:eventIdentifier>
                <PREMIS:eventIdentifierType>UUID</PREMIS:eventIdentifierType>
                <PREMIS:eventIdentifierValue>0F89372C-19CC-3B1C-89C5-6C6408E466E3</PREMIS:eventIdentifierValue>
              </PREMIS:eventIdentifier>
              <PREMIS:eventType>message digest calculation</PREMIS:eventType>
              <PREMIS:eventDateTime>2011-03-18T15:57:07</PREMIS:eventDateTime>
              <PREMIS:eventDetail>Calculation of page-level MD5 checksums</PREMIS:eventDetail>
              <PREMIS:linkingAgentIdentifier>
                <PREMIS:linkingAgentIdentifierType>MARC21 Code</PREMIS:linkingAgentIdentifierType>
                <PREMIS:linkingAgentIdentifierValue>MiU</PREMIS:linkingAgentIdentifierValue>
                <PREMIS:linkingAgentRole>Executor</PREMIS:linkingAgentRole>
              </PREMIS:linkingAgentIdentifier>
              <PREMIS:linkingAgentIdentifier>
                <PREMIS:linkingAgentIdentifierType>tool</PREMIS:linkingAgentIdentifierType>
                <PREMIS:linkingAgentIdentifierValue>Digest::MD5 2.36</PREMIS:linkingAgentIdentifierValue>
                <PREMIS:linkingAgentRole>software</PREMIS:linkingAgentRole>
              </PREMIS:linkingAgentIdentifier>
            </PREMIS:event>
            <PREMIS:event>
              <PREMIS:eventIdentifier>
                <PREMIS:eventIdentifierType>UUID</PREMIS:eventIdentifierType>
                <PREMIS:eventIdentifierValue>612A0754-18B4-3DDE-A33B-245C719F822E</PREMIS:eventIdentifierValue>
              </PREMIS:eventIdentifier>
              <PREMIS:eventType>source mets creation</PREMIS:eventType>
              <PREMIS:eventDateTime>2011-03-18T15:57:07</PREMIS:eventDateTime>
              <PREMIS:eventDetail>Creation of source METS file</PREMIS:eventDetail>
              <PREMIS:linkingAgentIdentifier>
                <PREMIS:linkingAgentIdentifierType>MARC21 Code</PREMIS:linkingAgentIdentifierType>
                <PREMIS:linkingAgentIdentifierValue>MiU</PREMIS:linkingAgentIdentifierValue>
                <PREMIS:linkingAgentRole>Executor</PREMIS:linkingAgentRole>
              </PREMIS:linkingAgentIdentifier>
              <PREMIS:linkingAgentIdentifier>
                <PREMIS:linkingAgentIdentifierType>tool</PREMIS:linkingAgentIdentifierType>
                <PREMIS:linkingAgentIdentifierValue>feedd.pl git rev afa62ada8e94a774ff010416aeb5ce40595dd9dc</PREMIS:linkingAgentIdentifierValue>
                <PREMIS:linkingAgentRole>software</PREMIS:linkingAgentRole>
              </PREMIS:linkingAgentIdentifier>
            </PREMIS:event>
            <PREMIS:event>
              <PREMIS:eventIdentifier>
                <PREMIS:eventIdentifierType>UUID</PREMIS:eventIdentifierType>
                <PREMIS:eventIdentifierValue>18E7B526-4803-3993-B489-2DC8F3E90FBA</PREMIS:eventIdentifierValue>
              </PREMIS:eventIdentifier>
              <PREMIS:eventType>validation</PREMIS:eventType>
              <PREMIS:eventDateTime>2011-03-18T15:57:07</PREMIS:eventDateTime>
              <PREMIS:eventDetail>Validation of source METS file</PREMIS:eventDetail>
              <PREMIS:linkingAgentIdentifier>
                <PREMIS:linkingAgentIdentifierType>MARC21 Code</PREMIS:linkingAgentIdentifierType>
                <PREMIS:linkingAgentIdentifierValue>MiU</PREMIS:linkingAgentIdentifierValue>
                <PREMIS:linkingAgentRole>Executor</PREMIS:linkingAgentRole>
              </PREMIS:linkingAgentIdentifier>
              <PREMIS:linkingAgentIdentifier>
                <PREMIS:linkingAgentIdentifierType>tool</PREMIS:linkingAgentIdentifierType>
                <PREMIS:linkingAgentIdentifierValue>xerces-c 3.1.0</PREMIS:linkingAgentIdentifierValue>
                <PREMIS:linkingAgentRole>software</PREMIS:linkingAgentRole>
              </PREMIS:linkingAgentIdentifier>
            </PREMIS:event>
          </PREMIS:premis>
        </METS:xmlData>
      </METS:mdWrap>
    </METS:digiprovMD>
  </METS:amdSec>
  <METS:fileSec>
    <METS:fileGrp ID="FG1" USE="coordOCR">
      <METS:file SIZE="23306" ID="XML00000001" MIMETYPE="text/xml" CREATED="2011-03-18T15:57:04" CHECKSUM="abf36308d23cfacf303aa06d309b0f10" SEQ="00000001" CHECKSUMTYPE="MD5">
        <METS:FLocat LOCTYPE="OTHER" OTHERLOCTYPE="SYSTEM" xlink:href="00000001.xml"/>
      </METS:file>
      <METS:file SIZE="12793" ID="XML00000002" MIMETYPE="text/xml" CREATED="2011-03-18T15:57:04" CHECKSUM="092e92a165d473bd321de7911764b603" SEQ="00000002" CHECKSUMTYPE="MD5">
        <METS:FLocat LOCTYPE="OTHER" OTHERLOCTYPE="SYSTEM" xlink:href="00000002.xml"/>
      </METS:file>
    </METS:fileGrp>
    <METS:fileGrp ID="FG2" USE="ocr">
      <METS:file SIZE="2527" ID="OCR00000001" MIMETYPE="text/plain" CREATED="2011-03-18T15:57:04" CHECKSUM="e8b7a794730aee0a81163fccb6f73662" SEQ="00000001" CHECKSUMTYPE="MD5">
        <METS:FLocat LOCTYPE="OTHER" OTHERLOCTYPE="SYSTEM" xlink:href="00000001.txt"/>
      </METS:file>
      <METS:file SIZE="1468" ID="OCR00000002" MIMETYPE="text/plain" CREATED="2011-03-18T15:57:04" CHECKSUM="e786e2e04227b8678502fd197535e745" SEQ="00000002" CHECKSUMTYPE="MD5">
        <METS:FLocat LOCTYPE="OTHER" OTHERLOCTYPE="SYSTEM" xlink:href="00000002.txt"/>
      </METS:file>
    </METS:fileGrp>
    <METS:fileGrp ID="FG3" USE="image">
      <METS:file SIZE="407495" ID="IMG00000001" MIMETYPE="image/jp2" CREATED="2011-03-18T15:57:07" CHECKSUM="83606238050c1f34065c0aab7e3ff9ee" SEQ="00000001" CHECKSUMTYPE="MD5">
        <METS:FLocat LOCTYPE="OTHER" OTHERLOCTYPE="SYSTEM" xlink:href="00000001.jp2"/>
      </METS:file>
      <METS:file SIZE="190126" ID="IMG00000002" MIMETYPE="image/jp2" CREATED="2011-03-18T15:57:07" CHECKSUM="5defe6fd348bc2a19124d6ac5f8bb6a0" SEQ="00000002" CHECKSUMTYPE="MD5">
        <METS:FLocat LOCTYPE="OTHER" OTHERLOCTYPE="SYSTEM" xlink:href="00000002.jp2"/>
      </METS:file>
    </METS:fileGrp>
  </METS:fileSec>
  <METS:structMap ID="SM1" TYPE="physical">
    <METS:div TYPE="volume">
      <METS:div ORDER="1" TYPE="page">
        <METS:fptr FILEID="XML00000001"/>
        <METS:fptr FILEID="OCR00000001"/>
        <METS:fptr FILEID="IMG00000001"/>
      </METS:div>
      <METS:div ORDER="2" TYPE="page">
        <METS:fptr FILEID="XML00000002"/>
        <METS:fptr FILEID="OCR00000002"/>
        <METS:fptr FILEID="IMG00000002"/>
      </METS:div>
    </METS:div>
  </METS:structMap>
</METS:mets>
